{
  "2025\\05": 0,
  "2025\\05\\16": 1748283607.6928294,
  "2025\\05\\17": 1748283608.409985,
  "2025\\05\\18": 1748283609.6442218,
  "2025\\05\\19": 1748283612.545192,
  "2025\\05\\22": 1748283612.7812703,
  "2025\\05\\23": 1748283613.276762,
  "2025\\05\\24": 1748283613.552351,
  "2025\\05\\27": 1748286543.7312486
}